GH1|GH151
HP1|HP151
HW1|HW151
GH1|GH152
HP1|HP152
HW1|HW152
GH1|GH153
HP1|HP153
HW1|HW153
GH1|GH154
HP1|HP154
HW1|HW154
GH1|GH155
HP1|HP155
HW1|HW155
GH1|GH156
HP1|HP156
HW1|HW156
GH1|GH157
HP1|HP157
HW1|HW157
GH1|GH158
HP1|HP158
HW1|HW158
GH1|GH159
HP1|HP159
HW1|HW159
GH1|GH160
HP1|HP160
HW1|HW160
HP1|HP161
HW1|HW161
GH1|GH162
HP1|HP162
HW1|HW162
GH1|GH163
HP1|HP163
HW1|HW163
HP1|HP164
HW1|HW164
HP1|HP165
HW1|HW165
GH1|GH166
HP1|HP166
HW1|HW166
GH1|GH167
HP1|HP167
HW1|HW167
GH1|GH168
HP1|HP168
HW1|HW168
GH1|GH169
HP1|HP169
HW1|HW169
GH1|GH170
HP1|HP170
HW1|HW170
GH1|GH171
HP1|HP171
HW1|HW171
GH1|GH172
HP1|HP172
HW1|HW172
GH1|GH173
HP1|HP173
HW1|HW173
GH1|GH174
HP1|HP174
HW1|HW174
GH1|GH175
HP1|HP175
HW1|HW175
GH1|GH176
HP1|HP176
HW1|HW176
GH1|GH177
HP1|HP177
HW1|HW177
GH1|GH178
HP1|HP178
HW1|HW178
GH1|GH179
HP1|HP179
HW1|HW179
GH1|GH180
HP1|HP180
HW1|HW180
HP1|HP181
HW1|HW181
HP1|HP182
HW1|HW182
HP1|HP183
HW1|HW183
GH1|GH184
HP1|HP184
HW1|HW184
GH1|GH185
HP1|HP185
HW1|HW185
GH1|GH186
HP1|HP186
HW1|HW186
HP1|HP11095
HW1|HW11095
GH1|GH11626
HP1|HP11626
HW1|HW11626
GH1|GH11635
GH2|GH21635
GH3|GH31635
HP1|HP11635
HP2|HP21635
PH1|PH11635
PH2|PH21635
HW1|HW11635
HW2|HW21635
GH1|GH11636
HP1|HP11636
HW1|HW11636
HP1|HP11702
HW1|HW11702
HP1|HP11703
HW1|HW11703
GH1|GH11704
HP1|HP11704
HW1|HW11704
HP1|HP11706
HP1|HP11707
HW1|HW11707
GH1|GH11708
HP1|HP11708
HW1|HW11708
HP1|HP11709
GH1|GH11710
HP1|HP11710
HW1|HW11710
HP1|HP11711
HW1|HW11711
GH1|GH11712
HP1|HP11712
HW1|HW11712
GH1|GH11713
HP1|HP11713
HW1|HW11713
GH1|GH11714
HP1|HP11714
HW1|HW11714
HP1|HP11715
HW1|HW11715
GH1|GH11716
HP1|HP11716
HW1|HW11716
HP1|HP11717
HP1|HP11718
HP1|HP11719
GH1|GH11995
HP1|HP11995
HW1|HW11995
GH1|GH12202
HP1|HP12202
HW1|HW12202
GH1|GH12240
HP1|HP12240
HW1|HW12240
GH1|GH12258
HP1|HP12258
HW1|HW12258
WH1|WH13100
WH1|WH13101
WH1|WH13102
WH1|WH13106
WH1|WH13107
WH1|WH13108
WH1|WH13112
WH1|WH13113
WH1|WH13114
WH1|WH13115
WH1|WH13119
WH1|WH13120
WH1|WH13121
WH1|WH13122
WH1|WH13143
WH2|WH23143
WH3|WH33143
WH1|WH13156
WH1|WH13160
WH1|WH13161
WH1|WH13162
WH1|WH13163
WH1|WH13164
WH1|WH13165
WH1|WH13166
WH1|WH13167
WH1|WH13168
WH1|WH13169
WH1|WH13170
WH1|WH13171
WH1|WH13172
WH1|WH13173
WH1|WH13174
WH1|WH13175
WH1|WH13177
WH1|WH13179
GH1|GH13450
GH2|GH23450
GH3|GH33450
HP1|HP13450
HP2|HP23450
PH1|PH13450
PH2|PH23450
HW1|HW13450
HW2|HW23450
GH1|GH13451
GH2|GH23451
GH3|GH33451
HP1|HP13451
HP2|HP23451
PH1|PH13451
PH2|PH23451
HW1|HW13451
HW2|HW23451
GH1|GH13453
GH2|GH23453
GH3|GH33453
HP1|HP13453
HP2|HP23453
PH1|PH13453
PH2|PH23453
HW1|HW13453
HW2|HW23453
GH1|GH13455
GH2|GH23455
GH3|GH33455
HP1|HP13455
HP2|HP23455
PH1|PH13455
PH2|PH23455
HW1|HW13455
HW2|HW23455
GH1|GH13456
GH2|GH23456
GH3|GH33456
HP1|HP13456
HP2|HP23456
PH1|PH13456
PH2|PH23456
HW1|HW13456
HW2|HW23456
GH1|GH13457
GH2|GH23457
GH3|GH33457
HP1|HP13457
HP2|HP23457
PH1|PH13457
PH2|PH23457
HW1|HW13457
HW2|HW23457
GH1|GH13458
GH2|GH23458
GH3|GH33458
HP1|HP13458
HP2|HP23458
PH1|PH13458
PH2|PH23458
HW1|HW13458
HW2|HW23458
GH1|GH13459
GH2|GH23459
GH3|GH33459
HP1|HP13459
HP2|HP23459
PH1|PH13459
PH2|PH23459
HW1|HW13459
HW2|HW23459
GH1|GH13461
GH2|GH23461
GH3|GH33461
HP1|HP13461
HP2|HP23461
PH1|PH13461
PH2|PH23461
HW1|HW13461
HW2|HW23461
GH1|GH13462
GH2|GH23462
GH3|GH33462
HP1|HP13462
HP2|HP23462
PH1|PH13462
PH2|PH23462
HW1|HW13462
HW2|HW23462
GH1|GH13463
GH2|GH23463
GH3|GH33463
HP1|HP13463
HP2|HP23463
PH1|PH13463
PH2|PH23463
HW1|HW13463
HW2|HW23463
GH1|GH13464
GH2|GH23464
GH3|GH33464
HP1|HP13464
HP2|HP23464
PH1|PH13464
PH2|PH23464
HW1|HW13464
HW2|HW23464
GH1|GH13465
HP1|HP13465
HW1|HW13465
GH1|GH13466
GH2|GH23466
GH3|GH33466
HP1|HP13466
PH1|PH13466
PH2|PH23466
HW1|HW13466
GH1|GH13467
GH2|GH23467
GH3|GH33467
HP1|HP13467
HP2|HP23467
PH1|PH13467
PH2|PH23467
HW1|HW13467
HW2|HW23467
GH1|GH13468
GH2|GH23468
GH3|GH33468
HP1|HP13468
HP2|HP23468
PH1|PH13468
PH2|PH23468
HW1|HW13468
HW2|HW23468
GH1|GH13469
GH2|GH23469
GH3|GH33469
HP1|HP13469
HP2|HP23469
PH1|PH13469
PH2|PH23469
HW1|HW13469
HW2|HW23469
GH1|GH13470
GH2|GH23470
GH3|GH33470
HP1|HP13470
HP2|HP23470
PH1|PH13470
PH2|PH23470
HW1|HW13470
HW2|HW23470
GH1|GH13472
HP1|HP13472
HW1|HW13472
GH1|GH13473
GH2|GH23473
GH3|GH33473
HP1|HP13473
HP2|HP23473
PH1|PH13473
PH2|PH23473
HW1|HW13473
HW2|HW23473
GH1|GH13474
GH2|GH23474
GH3|GH33474
HP1|HP13474
HP2|HP23474
PH1|PH13474
PH2|PH23474
HW1|HW13474
HW2|HW23474
GH1|GH13475
GH2|GH23475
GH3|GH33475
HP1|HP13475
HP2|HP23475
PH1|PH13475
PH2|PH23475
HW1|HW13475
HW2|HW23475
GH1|GH13476
GH2|GH23476
GH3|GH33476
HP1|HP13476
HP2|HP23476
PH1|PH13476
PH2|PH23476
HW1|HW13476
HW2|HW23476
GH1|GH13479
GH2|GH23479
GH3|GH33479
HP1|HP13479
HP2|HP23479
PH1|PH13479
PH2|PH23479
HW1|HW13479
HW2|HW23479
GH1|GH13480
GH2|GH23480
GH3|GH33480
HP1|HP13480
HP2|HP23480
PH1|PH13480
PH2|PH23480
HW1|HW13480
HW2|HW23480
GH1|GH13481
GH2|GH23481
GH3|GH33481
HP1|HP13481
HP2|HP23481
PH1|PH13481
PH2|PH23481
HW1|HW13481
HW2|HW23481
GH1|GH13482
GH2|GH23482
GH3|GH33482
HP1|HP13482
HP2|HP23482
PH1|PH13482
PH2|PH23482
HW1|HW13482
HW2|HW23482
GH1|GH13485
GH2|GH23485
GH3|GH33485
HP1|HP13485
HP2|HP23485
PH1|PH13485
PH2|PH23485
HW1|HW13485
HW2|HW23485
GH1|GH13486
GH2|GH23486
GH3|GH33486
HP1|HP13486
HP2|HP23486
PH1|PH13486
PH2|PH23486
HW1|HW13486
HW2|HW23486
GH1|GH13487
GH2|GH23487
GH3|GH33487
HP1|HP13487
HP2|HP23487
PH1|PH13487
PH2|PH23487
HW1|HW13487
HW2|HW23487
GH1|GH13488
GH2|GH23488
GH3|GH33488
HP1|HP13488
HP2|HP23488
PH1|PH13488
PH2|PH23488
HW1|HW13488
HW2|HW23488
GH1|GH13489
GH2|GH23489
GH3|GH33489
HP1|HP13489
HP2|HP23489
PH1|PH13489
PH2|PH23489
HW1|HW13489
HW2|HW23489
GH1|GH13490
GH2|GH23490
GH3|GH33490
HP1|HP13490
HP2|HP23490
PH1|PH13490
PH2|PH23490
HW1|HW13490
HW2|HW23490
GH1|GH13491
GH2|GH23491
GH3|GH33491
HP1|HP13491
HP2|HP23491
PH1|PH13491
PH2|PH23491
HW1|HW13491
HW2|HW23491
GH2|GH23492
GH3|GH33492
HP2|HP23492
PH1|PH13492
PH2|PH23492
HW2|HW23492
GH1|GH13493
GH2|GH23493
GH3|GH33493
HP1|HP13493
HP2|HP23493
PH1|PH13493
PH2|PH23493
HW1|HW13493
HW2|HW23493
GH2|GH23494
GH3|GH33494
HP2|HP23494
PH1|PH13494
PH2|PH23494
HW2|HW23494
GH2|GH23495
GH3|GH33495
HP2|HP23495
PH1|PH13495
PH2|PH23495
HW2|HW23495
HP1|HP13501
GH1|GH13507
HP1|HP13507
HW1|HW13507
GH1|GH13509
GH2|GH23509
GH3|GH33509
HP1|HP13509
HP2|HP23509
PH1|PH13509
PH2|PH23509
HW1|HW13509
HW2|HW23509
GH2|GH23510
GH3|GH33510
HP2|HP23510
PH1|PH13510
PH2|PH23510
HW2|HW23510
WH2|WH23637
WH3|WH33637
WH2|WH23639
WH3|WH33639
WH1|WH13848
GH2|GH23869
GH3|GH33869
HP2|HP23869
PH1|PH13869
PH2|PH23869
HW2|HW23869
GH1|GH13870
GH2|GH23870
GH3|GH33870
HP1|HP13870
HP2|HP23870
PH1|PH13870
PH2|PH23870
HW1|HW13870
HW2|HW23870
GH1|GH13871
HP1|HP13871
HW1|HW13871
GH1|GH13874
HP1|HP13874
HW1|HW13874
GH1|GH13880
HP1|HP13880
GH2|GH23890
GH3|GH33890
PH2|PH23890
GH1|GH13946
HP1|HP13946
HW1|HW13946
GH2|GH23947
GH3|GH33947
HP2|HP23947
PH1|PH13947
PH2|PH23947
HW2|HW23947
HP1|HP13959
HW1|HW13977
HP1|HP13979
GH1|GH13985
HP1|HP13985
PH1|PH13985
HW1|HW13985
HP2|HP24090
HP1|HP14091
HW1|HW14091
HP1|HP14148
WH1|WH14411
WH1|WH14412
WH1|WH14413
GH2|GH24440
GH3|GH34440
HP1|HP14440
HP2|HP24440
PH1|PH14440
PH2|PH24440
HW1|HW14440
HW2|HW24440
GH2|GH24441
GH3|GH34441
HP2|HP24441
PH1|PH14441
PH2|PH24441
HW2|HW24441
GH2|GH24442
GH3|GH34442
HP1|HP14442
HP2|HP24442
PH1|PH14442
PH2|PH24442
HW1|HW14442
HW2|HW24442
GH1|GH14444
GH2|GH24444
GH3|GH34444
HP1|HP14444
HP2|HP24444
PH1|PH14444
PH2|PH24444
HW1|HW14444
HW2|HW24444
HP1|HP14460
GH1|GH14493
HP1|HP14493
HW1|HW14493
WH1|WH14701
WH1|WH14702
WH1|WH14703
WH1|WH14704
HP1|HP14990
HP2|HP25150
PH2|PH25150
HW2|HW25150
WH1|WH15150
HP2|HP25151
HW2|HW25151
WH1|WH15151
HP2|HP25152
HW2|HW25152
WH1|WH15152
PH1|PH110059
PH2|PH210059
HW2|HW210059
HW2|HW210061
HP2|HP210062
HW2|HW210062
HP2|HP210085
PH1|PH110085
PH2|PH210085
HW2|HW210085
WH2|WH210085
WH3|WH310085
PH1|PH110086
PH2|PH210086
HW2|HW210086
WH2|WH233400
WH3|WH333400
WH2|WH233401
WH3|WH333401
WH2|WH233402
WH3|WH333402
WH2|WH233403
WH3|WH333403
WH2|WH233404
WH3|WH333404
WH2|WH233405
WH3|WH333405
WH2|WH233406
WH3|WH333406
WH2|WH233407
WH3|WH333407
WH2|WH233408
WH3|WH333408
WH2|WH233409
WH3|WH333409
WH2|WH233410
WH3|WH333410
WH2|WH233411
WH3|WH333411
WH2|WH233412
WH3|WH333412
WH2|WH236000
WH3|WH336000
WH2|WH236001
WH3|WH336001
WH2|WH236002
WH3|WH336002
WH2|WH236003
WH3|WH336003
WH2|WH236004
WH3|WH336004
WH2|WH236005
WH3|WH336005
WH2|WH236006
WH3|WH336006
WH2|WH236007
WH3|WH336007
WH2|WH236008
WH3|WH336008
WH2|WH236009
WH3|WH336009
WH2|WH236010
WH3|WH336010
WH2|WH236011
WH3|WH336011
WH2|WH236012
WH3|WH336012
WH2|WH236013
WH3|WH336013
WH2|WH236014
WH3|WH336014
WH2|WH236015
WH3|WH336015
WH2|WH236016
WH3|WH336016
WH2|WH236017
WH3|WH336017
WH2|WH236018
WH3|WH336018
WH2|WH236019
WH3|WH336019
WH2|WH236020
WH3|WH336020
WH2|WH236021
WH3|WH336021
WH2|WH236022
WH3|WH336022
WH2|WH236023
WH3|WH336023
WH2|WH236024
WH3|WH336024
WH2|WH236025
WH3|WH336025
WH2|WH236026
WH3|WH336026
WH2|WH236027
WH3|WH336027
WH2|WH236028
WH3|WH336028
WH2|WH236029
WH3|WH336029
WH2|WH236030
WH3|WH336030
WH2|WH236031
WH3|WH336031
WH2|WH236032
WH3|WH336032
WH2|WH236033
WH3|WH336033
WH2|WH236034
WH3|WH336034
WH2|WH236035
WH3|WH336035
WH2|WH236036
WH3|WH336036
WH2|WH236037
WH3|WH336037
HS6|HS663099
MG3|MG363099
MG3|MG363102
MG3|MG363109
MG3|MG363110
HD1|HD163117
HD2|HD263117
HD3|HD363117
HS1|HS163117
HS3|HS363117
HS4|HS463117
HS6|HS663117
MG1|MG163117
MG2|MG263117
MG3|MG363117
MG4|MG463117
MG5|MG563117
MG6|MG663117
MG9|MG963117
MG0|MG063117
MG11|MG1163117
MG9|MG963122
MG0|MG063122
HD4|HD463123
HS5|HS563123
MG1|MG163123
MG6|MG663123
MG11|MG1163123
MG1|MG163125
MG1|MG163127
MG2|MG263127
MG3|MG363127
MG4|MG463127
MG5|MG563127
MG6|MG663127
MG7|MG763127
MG8|MG863127
MG9|MG963127
MG0|MG063127
MG11|MG1163127
MG1|MG163133
MG6|MG663133
MG9|MG963133
MG0|MG063133
MG11|MG1163133
MG1|MG163134
MG6|MG663134
MG6|MG663135
MG1|MG163136
MG2|MG263136
MG4|MG463136
MG5|MG563136
MG6|MG663136
MG7|MG763136
MG8|MG863136
MG9|MG963136
MG0|MG063136
MG11|MG1163136
MG1|MG163137
MG6|MG663137
MG9|MG963137
MG0|MG063137
MG11|MG1163137
MG1|MG163138
MG6|MG663138
MG6|MG663139
HD1|HD163140
HD2|HD263140
MG4|MG463140
MG5|MG563140
HD1|HD163142
HD2|HD263142
MG4|MG463142
MG5|MG563142
HD1|HD163143
HD2|HD263143
MG4|MG463143
MG5|MG563143
HD1|HD163144
HD2|HD263144
MG4|MG463144
MG5|MG563144
HD1|HD163145
HD2|HD263145
MG4|MG463145
MG5|MG563145
DM1|DM163146
DM2|DM263146
DM3|DM363146
MG4|MG463146
MG5|MG563146
MG8|MG863146
MG9|MG963146
MG0|MG063146
DM2|DM263148
DM3|DM363148
MG4|MG463148
MG5|MG563148
MG9|MG963148
MG0|MG063148
DM2|DM263150
DM3|DM363150
MG4|MG463150
MG5|MG563150
MG4|MG463152
MG5|MG563152
MG4|MG463153
MG5|MG563153
MG4|MG463154
MG5|MG563154
MG8|MG863156
MG1|MG163158
MG4|MG463158
MG5|MG563158
MG4|MG463159
MG5|MG563159
MG1|MG163163
MG1|MG163175
MG2|MG263175
HD3|HD363185
MG1|MG163185
HD3|HD363187
MG1|MG163187
MG2|MG263187
HD3|HD363188
MG1|MG163188
MG2|MG263188
HD3|HD363189
MG1|MG163189
MG2|MG263189
HD3|HD363190
MG1|MG163190
HD3|HD363191
MG1|MG163191
MG1|MG163192
MG2|MG263192
MG1|MG163193
MG1|MG163195
MG1|MG163197
MG2|MG263197
MG1|MG163199
MG2|MG263199
MG1|MG163200
MG1|MG163201
MG2|MG263201
MG1|MG163203
MG2|MG263203
HS4|HS463233
MG6|MG663233
MG11|MG1163233
MG6|MG663235
MG7|MG763235
MG6|MG663236
MG6|MG663237
HD4|HD463238
HS5|HS563238
MG6|MG663238
MG7|MG763238
MG11|MG1163238
HD4|HD463239
MG6|MG663239
MG7|MG763239
HD4|HD463241
MG6|MG663241
MG7|MG763241
HD4|HD463242
MG6|MG663242
MG7|MG763242
HD4|HD463243
MG6|MG663243
MG7|MG763243
MG6|MG663245
MG7|MG763245
MG6|MG663246
MG6|MG663247
MG6|MG663248
MG6|MG663249
MG7|MG763249
HS1|HS163257
HS2|HS263257
MG8|MG863257
HS1|HS163259
HS2|HS263259
MG8|MG863259
HS1|HS163260
HS1|HS163261
HS2|HS263261
MG1|MG163261
MG8|MG863261
HS1|HS163262
HS2|HS263262
MG6|MG663262
MG8|MG863262
DM1|DM163264
MG8|MG863264
MG6|MG663268
HS4|HS463303
MG11|MG1163303
HS4|HS463305
MG11|MG1163305
HS4|HS463306
MG11|MG1163306
HS5|HS563309
MG11|MG1163309
HS5|HS563310
MG11|MG1163310
HS5|HS563312
MG11|MG1163312
HS5|HS563314
MG11|MG1163314
MG11|MG1163316
MG11|MG1163317
MG11|MG1163318
MG11|MG1163319
MG1|MG163322
MG6|MG663322
MG7|MG763322
HS3|HS363420
MG9|MG963420
MG0|MG063420
HS3|HS363421
MG9|MG963421
MG0|MG063421
HS3|HS363422
MG9|MG963422
MG0|MG063422
HS3|HS363423
MG9|MG963423
MG0|MG063423
MG9|MG963424
MG0|MG063424
MG9|MG963425
MG0|MG063425
MG9|MG963426
MG0|MG063426
MG9|MG963427
MG0|MG063427
MG9|MG963428
MG0|MG063428
MG9|MG963429
MG0|MG063429
MG9|MG963430
MG0|MG063430
MG9|MG963431
MG0|MG063431
MG9|MG963432
MG0|MG063432
MG9|MG963433
MG0|MG063433
MG9|MG963434
MG0|MG063434
MG1|MG163435
MG6|MG663435
MG1|MG163436
MG6|MG663436
MG1|MG163437
MG6|MG663437
MG11|MG1163438
MG11|MG1163439
MG11|MG1163440
MG11|MG1163441
HS4|HS463442
MG11|MG1163442
MG11|MG1163443
MG1|MG163444
HD3|HD363445
MG1|MG163445
MG2|MG263445
HD3|HD363446
MG1|MG163446
MG2|MG263446
MG1|MG163447
MG2|MG263447
MG1|MG163448
HS6|HS663449
MG3|MG363449
HS6|HS663450
MG3|MG363450
MG3|MG363451
MG1|MG163452
MG3|MG363452
MG3|MG363453
MG3|MG363454
MG3|MG363455
MG3|MG363456
MG3|MG363457
MG3|MG363458
MG3|MG363459
MG3|MG363460
MG3|MG363461
HS2|HS263462
MG8|MG863462
HS2|HS263463
MG8|MG863463
DM1|DM163464
MG8|MG863464
DM1|DM163465
MG8|MG863465
DM1|DM163466
MG8|MG863466
MG8|MG863467
MG8|MG863468
MG8|MG863469
MG8|MG863470
MG8|MG863471
MG8|MG863472
MG8|MG863473
MG8|MG863474
MG8|MG863475
DM2|DM263488
DM3|DM363488
MG4|MG463488
MG5|MG563488
DM2|DM263489
DM3|DM363489
MG4|MG463489
MG5|MG563489
MG4|MG463490
MG5|MG563490
MG4|MG463491
MG5|MG563491
MG4|MG463492
MG5|MG563492
MG4|MG463493
MG5|MG563493
MG4|MG463494
MG5|MG563494
MG4|MG463495
MG5|MG563495
DO1|DO163529
DO1|DO163530
DO1|DO163531
DO1|DO163532
DO1|DO163533
DO1|DO163534
DO1|DO163535
DO1|DO163536
DO1|DO163537
DO1|DO163538
DO1|DO163539
DO1|DO163540
DO1|DO163541
DO1|DO163542
DO1|DO163543
DO1|DO163544
DO1|DO163545
DO1|DO163546
DO1|DO163547
DO1|DO163548
DO1|DO163549
DO1|DO163550
DO1|DO163551
DO1|DO163552
DO1|DO163574
MG1|MG163575
MG6|MG663576
MG11|MG1163577
MG11|MG1163578
MG11|MG1163579
MG11|MG1163580
MG11|MG1163581
MG11|MG1163582
MG11|MG1163583
MG11|MG1163584
DO1|DO163585
DO1|DO163586
DO1|DO163587
MG2|MG263609
MG2|MG263610
MG2|MG263611
MG2|MG263612
MG2|MG263613
MG2|MG263614
MG2|MG263615
MG2|MG263616
MG2|MG263617
MG2|MG263618
MG7|MG763619
MG7|MG763620
MG7|MG763621
MG7|MG763622
MG7|MG763623
MG7|MG763624
MG7|MG763625
MG7|MG763626
MG7|MG763627
MG7|MG763628
MG7|MG763629
MG7|MG763630
MG7|MG763631
MG7|MG763632
DM4|DM463633
DM4|DM463634
DM4|DM463635
DM4|DM463636
DM4|DM463637
HG1|HG165055
HG2|HG265055
HG1|HG165056
HG2|HG265056
HG1|HG165057
HG2|HG265057
HG1|HG165058
HG2|HG265058
HG1|HG165059
HG2|HG265059
HG1|HG165060
HG2|HG265060
HG1|HG165061
HG2|HG265061
HG1|HG165062
HG2|HG265062
HG1|HG165063
HG2|HG265063
HG1|HG165064
HG2|HG265064
HG1|HG165065
HG2|HG265065
HG1|HG165066
HG2|HG265066
MT1|MT165078
MT2|MT265078
MD1|MD165088
MT1|MT165088
MT2|MT265088
MT1|MT165100
MT2|MT265100
MT1|MT165101
MT2|MT265101
MD1|MD165106
MT1|MT165106
MT2|MT265106
MD1|MD165120
MT1|MT165120
MT2|MT265120
MD1|MD165121
MT1|MT165121
MT2|MT265121
MD1|MD165122
MT1|MT165122
MT2|MT265122
MT1|MT165123
MT2|MT265123
MT1|MT165124
MT2|MT265124
MT1|MT165125
MT2|MT265125
MT1|MT165126
MT2|MT265126
MT1|MT165127
MT2|MT265127
MT1|MT165128
MT2|MT265128
MT1|MT165129
MT2|MT265129
MT1|MT165130
MT2|MT265130
MT1|MT165131
MT2|MT265131
MT1|MT165132
MT2|MT265132
MT1|MT165133
MT2|MT265133
HG1|HG165229
HG2|HG265229
MT1|MT166143
MT1|MT168114
